File Path,Issue Type,Location (Class/Method),Severity,Description,Recommendation,Impact
src/com/lilithsthrone/logic/GameLoopAdapter.java,Direct State Access Violation,delegateFrameUpdate (line 31),CRITICAL,"Accesses Main.game.getLogicLayerAPI() directly, violating layer separation","Route through event system or proper API, remove Main.game dependency",Breaks modularity and testing
src/com/lilithsthrone/logic/GameLoopAdapter.java,Direct State Access Violation,delegateAutosave (line 62),CRITICAL,"Calls Main.game.getEventEngine().triggerEvent() directly","Create event notification method in LogicLayerAPI instead",Tightly couples logic to presentation
src/com/lilithsthrone/logic/GameLoopAdapter.java,Direct State Access Violation,delegateSnapshot/delegateEngineSynchronization/delegateGamePause/delegateGameResume/delegateGameShutdown/delegateGameSave/delegateGameLoad/delegateGameNewGame (lines 88,112,136,162,190,215,242,268),CRITICAL,"Multiple direct EventEngine.triggerEvent() calls throughout adapter",Extract event triggering to LogicLayerAPI, remove direct Main.game.getEventEngine() access,Code is tightly coupled
src/com/lilithsthrone/logic/quest/QuestDialogueAdapter.java,Direct State Access Violation,isBridgeAvailable (line 229),CRITICAL,"Checks Main.game and Main.game.getEventEngine() directly","Use proper dependency injection or interface-based access",Violates layer separation
src/com/lilithsthrone/logic/GameStateAdapter.java,Dead Code,Class Fields (lines 30-50),HIGH,"13 unused constant fields marked with @SuppressWarnings('unused')","Delete unused constants: KEY_PLAYER_HEALTH, KEY_PLAYER_MANA, KEY_PLAYER_LEVEL, KEY_PLAYER_EXPERIENCE, KEY_PLAYER_LOCATION, KEY_ACTIVE_QUESTS, KEY_COMPLETED_QUESTS, KEY_ACTIVE_EFFECTS, KEY_ACTIVE_PERKS, KEY_NPC_STATES, KEY_VISITED_LOCATIONS",Dead code increases maintenance burden
src/com/lilithsthrone/logic/persistence/BinaryAssetLoader.java,Dead Code - Placeholder,loadCharacter/loadDialogues/loadCombatMoves/loadWeapon/loadOutfit (lines 105,115,125,135,145),HIGH,"5 methods return null as placeholder implementations","Implement proper asset loading or mark as abstract; consider deferring if not needed",System will crash if these methods are called
src/com/lilithsthrone/logic/engines/CharacterEngine.java,Dead Code,calculateStats method (line 116),MEDIUM,"Variable baseDamage calculated but never used, marked @SuppressWarnings('unused')","Remove variable or use it in damage calculation",Confusing code maintenance
src/com/lilithsthrone/logic/GameStateAdapter.java,Dead Code,getAdaptedValue/adaptGameStateToLegacy (lines 70,128),MEDIUM,"Methods return null for null input, but no validation of fieldName parameter","Add null check: if (fieldName == null) throw IllegalArgumentException",Could cause NullPointerException
src/com/lilithsthrone/logic/GameLoopAdapter.java,Duplicate Code,isBridgeAvailable() + 10 delegate methods,HIGH,"Pattern repeats in 10 methods: check bridge, get API, call method, catch exception","Extract to helper method: executeWithBridge(Runnable action, String errorMsg)",Code duplication causes maintenance issues
src/com/lilithsthrone/logic/quest/QuestDialogueAdapter.java,Duplicate Code,isBridgeAvailable (line 226),HIGH,"Identical implementation to GameLoopAdapter.isBridgeAvailable()","Create shared utility class or extract to common base class",Code duplication
src/com/lilithsthrone/logic/GameLoopAdapter.java,Duplicate Code,Error Handling Pattern,HIGH,"try-catch with identical error handling appears 10+ times","Create error handler: handleAdapterError(String context, Exception e)",Maintenance burden
src/com/lilithsthrone/logic/GameLoopAdapter.java,Duplicate Code,LogicLayerAPI Access Pattern,MEDIUM,"LogicLayerAPI logicAPI = Main.game.getLogicLayerAPI() called 10 times in single file","Cache in local field or extract to method to reduce repetition",Code repetition
src/com/lilithsthrone/logic/GameLoopCoordinator.java,Hardcoded Configuration,Class Constants (lines 18-28),MEDIUM,"Hardcoded: TARGET_FPS=60, AUTOSAVE_INTERVAL=30s, SNAPSHOT_INTERVAL=600s, SYNC_CHECK_INTERVAL=10","Externalize to configuration file (config.properties or JSON)","Cannot change FPS/intervals without recompile; breaks game designer workflow"
src/com/lilithsthrone/logic/engines/CharacterEngine.java,Hardcoded Configuration,Class Constants (lines 32-33,110-111),MEDIUM,"Hardcoded: XP_PER_LEVEL=1000, ATTRIBUTE_POINTS_PER_LEVEL=5, maxHealth formula, maxMana formula","Move to Configuration class or external balance file","Game balance cannot be tweaked by designers; promotes hacks and workarounds"
src/com/lilithsthrone/logic/LogicLayerAPI.java,Hardcoded Configuration,initializeState (lines 78-79),MEDIUM,"Hardcoded: snapshotEngine interval=600000ms, deltaEngine interval=60000ms","Extract to configuration with comment explaining rationale","Different values used in different places create confusion"
src/com/lilithsthrone/logic/persistence/PersistenceManager.java,Hardcoded Configuration,Constructor (line 75),MEDIUM,"Hardcoded: autoSaveInterval = 300f (5 minutes)","Consolidate with other timing constants in single configuration file","Inconsistent with other interval settings (30s, 60s, 600s)"
src/com/lilithsthrone/logic/engines/WorldEngine.java,Hardcoded Configuration,Class Field (line 32),MEDIUM,"Hardcoded: RESPAWN_TIME_SECONDS = 300 (5 minutes)","Move to configuration with other timing constants","World designers cannot adjust NPC respawn times"
src/com/lilithsthrone/logic/GameIntegrationBridge.java,Hardcoded Configuration,Class Field (line 36),MEDIUM,"Hardcoded: SYNC_INTERVAL_MS = 100","Move to configuration along with other timing constants","Cannot adjust sync frequency without recompile"
src/com/lilithsthrone/ui/controllers/StatusPanelController.java,Performance Anti-pattern,renderResourceBar/renderAttributes (lines 218,222,226,323),HIGH,"new Color() objects created every frame in render loop (60 FPS)","Cache as static final fields: private static final Color COLOR_HP = new Color(1f,0.2f,0.2f,1f)","Causes GC churn and frame stuttering every frame"
src/com/lilithsthrone/ui/controllers/StatusPanelController.java,Performance Anti-pattern,renderStatusValues (line 285),MEDIUM,"String.format() called in render loop, creates new String objects every frame","Cache formatted strings or pre-compute values before render","Garbage collection pressure; unnecessary allocations"
src/com/lilithsthrone/logic/quest/QuestDialogueAdapter.java,Performance Anti-pattern,coordinateQuestProgression (lines 54,88,93,121,144,190),MEDIUM,"String concatenation with + operator in frequently-called methods","Use String.format() or StringBuilder: 'quest_' + questId + '_dialogue_' + milestone","Unnecessary intermediate String objects; not in tight loop but called frequently"
src/com/lilithsthrone/ui/controllers/StatusPanelController.java,Performance Anti-pattern,renderResourceBar (line 263),MEDIUM,"String.format() called during every status panel render","Cache or pre-compute formatted strings","Formatting creates new String every frame"
src/com/lilithsthrone/ui/controllers/StatusPanelController.java,Performance Anti-pattern,Constructor (lines 74-76),MEDIUM,"BitmapFont and ShapeRenderer objects created per controller instance","Share font resources at application level or use lazy initialization","Multiple font instances in memory; wasted resources"
src/com/lilithsthrone/logic/GameLoopAdapter.java,Inconsistent Null Checking,delegateFrameUpdate (line 31),MEDIUM,"isBridgeAvailable() already verifies logicAPI != null, but code checks again","Remove redundant null check after isBridgeAvailable() returns true","Code duplication; suggests confusion about null safety contract"
src/com/lilithsthrone/logic/GameStateAdapter.java,Inconsistent Null Checking,getAdaptedValue (line 70),MEDIUM,"No null check for fieldName parameter; could cause NullPointerException","Add: if (fieldName == null) throw new IllegalArgumentException('fieldName cannot be null')","Inconsistent validation"
src/com/lilithsthrone/logic/persistence/BinaryAssetLoader.java,Inconsistent Null Checking,loadCharacter/loadDialogues/etc,MEDIUM,"Methods return null without documentation; callers may not check null","Document return as @Nullable and ensure callers handle null, or throw exception","Code that calls these will crash"
src/com/lilithsthrone/logic/engines/BuffEngine.java,Unused Import,Class (line 5),LOW,"import java.util.* (wildcard import)","Replace with specific imports: import java.util.ArrayList; import java.util.Set;","Code clarity; shows what classes are actually used"
src/com/lilithsthrone/logic/engines/*/java,Unused Import,All Engine Classes,LOW,"All engine classes use 'import java.util.*' instead of specific imports","Use IDE refactor to replace wildcards with specific imports in all engine files","Code clarity and dependency tracking"
src/com/lilithsthrone/logic/GameLoopAdapter.java,Missing Error Handling,delegateFrameUpdate (line 44),MEDIUM,"Generic Exception catch; doesn't distinguish IOException from NullPointerException","Catch specific exceptions: catch (IllegalStateException e), catch (IOException e)","Hides bugs; makes debugging difficult"
src/com/lilithsthrone/logic/GameLoopAdapter.java,Missing Error Handling,"All 10 delegate methods (lines 44,69,96,120,146,172,198,225,252,278)",MEDIUM,"All delegate methods use identical generic Exception handling with e.printStackTrace()","Create logger and use specific exception types; log at appropriate levels (ERROR, WARN)","Debugging nightmare; no structured error handling"
src/com/lilithsthrone/logic/GameStateAdapter.java,Missing Error Handling,getAdaptedValue (line 89),MEDIUM,"No null check before calling methods on returned objects","Add null checks or handle exceptions: if (gameState == null) throw IllegalStateException('GameState not initialized')","Potential NullPointerException"
src/com/lilithsthrone/logic/engines/WorldEngine.java,Excessive Logging,update/updateNpcState/triggerWorldEvent/etc,LOW,"System.out.println() spam: 'Initialized', 'NPC state updated', 'World event triggered', etc (8+ calls)","Replace with SLF4J Logger or proper logging framework with log levels","Makes debugging harder; console spam"
src/com/lilithsthrone/logic/GameStateAdapter.java,Architectural Issue,Class Design (lines 25-272),MEDIUM,"GameStateAdapter has 13 unused constant fields for future sync but sync methods are incomplete","Either implement complete state sync using constants, or document as future work","Suggests incomplete refactoring; confusing design"
src/com/lilithsthrone/logic/GameLoopAdapter.java,Architectural Issue,Circular Dependencies,CRITICAL,"GameLoopAdapter → Main.game → EventEngine, but also GameLoopAdapter calls events directly","Establish strict one-way dependency: UI ← Logic ← Engines","Circular dependencies prevent modular testing and reuse"
src/com/lilithsthrone/logic/persistence/DeltaEngine.java,Placeholder Implementation,applyFieldChange (line 135),HIGH,"Method body is comment describing placeholder implementation","Implement field change application based on GameState structure, or use reflection","Loading delta files will not restore state correctly"
src/com/lilithsthrone/logic/persistence/BinaryAssetLoader.java,Placeholder Implementation,All load methods (5 methods),HIGH,"5 asset loading methods return null with 'Placeholder' comment","Either implement asset loading, mark as abstract, or remove if not needed for current scope","Binary asset system is non-functional; will crash if used"
